{
      "r2_score": 0.12946428571428592,
      "rmse": 0.4654746681256314,
      "mae": 0.21666666666666667
}